-- ingredients
INSERT INTO ingredients
(name, unit, default_amount, shop_style, kcal, proteins, fats, carbs) VALUES
('Pierś z kurczaka',                'g', 100, 'Lidl',    110, 23.1,  1.2,   0 ),
('Filet z indyka',                  'g', 100, 'Lidl',    104, 22.0,  1.5,   0 ),
('Wołowina mielona 5%',             'g', 100, 'Lidl',    137, 20.5,  5.0,   0 ),
('Schab wieprzowy',                 'g', 100, 'Lidl',    143, 21.5,  6.0,   0 ),
('Łosoś świeży',                    'g', 100, 'Lidl',    206, 20.0, 13.0,   0 ),
('Dorsz atlantycki',                'g', 100, 'Lidl',     82, 18.0,  0.7,   0 ),
('Tuńczyk w wodzie (puszka)',       'g', 100, 'Lidl',    116, 25.5,  1.0,   0 ),
('Krewetki',                        'g', 100, 'Lidl',     85, 20.0,  0.5,   0 ),
('Tofu naturalne',                  'g', 100, 'Lidl',     76,  8.0,  4.8, 1.9 ),
('Tempeh',                          'g', 100, 'Lidl',    192, 20.0, 11.0,   8 ),
('Soczewica czerwona (sucha)',      'g', 100, 'Lidl',    352, 25.0,  1.1,  60 ),
('Ciecierzyca (sucha)',             'g', 100, 'Lidl',    364, 19.0,  6.0,  61 ),
('Fasola czarna (sucha)',           'g', 100, 'Lidl',    339, 21.0,  1.4,  62 ),
('Fasola czerwona (sucha)',         'g', 100, 'Lidl',    333, 24.0,  0.8,  60 ),
('Płatki owsiane',                  'g', 100, 'Lidl',    377, 13.0,  7.0,  67 ),
('Ryż biały',                       'g', 100, 'Lidl',    344,  6.7,  0.6,  78 ),
('Ryż brązowy',                     'g', 100, 'Lidl',    370,  7.5,  2.7,  76 ),
('Quinoa',                          'g', 100, 'Lidl',    368, 14.0,  6.0,  64 ),
('Makaron pełnoziarnisty',          'g', 100, 'Lidl',    348, 13.0,  2.5,  70 ),
('Makaron biały',                   'g', 100, 'Lidl',    371, 12.0,  1.5,  75 ),
('Kasza gryczana',                  'g', 100, 'Lidl',    343, 13.2,  3.4,  71 ),
('Bulgur',                          'g', 100, 'Lidl',    342, 12.0,  1.0,  76 ),
('Brokuł',                          'g', 100, 'Świeże',   34,  3.0,  0.4,   5 ),
('Szpinak',                         'g', 100, 'Świeże',   23,  2.9,  0.4, 3.6 ),
('Marchew',                         'g', 100, 'Świeże',   41,  0.9,  0.2,  10 ),
('Papryka czerwona',                'g', 100, 'Świeże',   31,  1.0,  0.3,   6 ),
('Cukinia',                         'g', 100, 'Świeże',   17,  1.2,  0.3, 3.1 ),
('Pomidor',                         'g', 100, 'Świeże',   18,  0.9,  0.2, 3.9 ),
('Cebula',                          'g', 100, 'Świeże',   40,  1.1,  0.1, 9.3 ),
('Czosnek',                         'g', 100, 'Świeże',  149,  6.4,  0.5,  33 ),
('Batat',                           'g', 100, 'Świeże',   86,  1.6,  0.1,  20 ),
('Ziemniak',                        'g', 100, 'Świeże',   77,  2.0,  0.1,  17 ),
('Jarmuż',                          'g', 100, 'Świeże',   49,  4.3,  0.9, 8.8 ),
('Pieczarki',                       'g', 100, 'Świeże',   22,  3.1,  0.3, 2.3 ),
('Awokado',                         'g', 100, 'Świeże',  160,  2.0, 15.0,   9 ),
('Sałata lodowa',                   'g', 100, 'Świeże',   15,  1.4,  0.1, 2.9 ),
('Jabłko',                          'g', 100, 'Świeże',   52,  0.3,  0.2,  14 ),
('Banan',                           'g', 100, 'Świeże',   96,  1.3,  0.3,  23 ),
('Pomarańcza',                      'g', 100, 'Świeże',   47,  1.0,  0.1,  12 ),
('Borówki',                         'g', 100, 'Świeże',   57,  0.7,  0.3,  14 ),
('Truskawki',                       'g', 100, 'Świeże',   32,  0.7,  0.3, 7.7 ),
('Mango',                           'g', 100, 'Świeże',   60,  0.8,  0.4,  15 ),
('Ananas',                          'g', 100, 'Świeże',   50,  0.5,  0.1,  13 ),
('Winogrona',                       'g', 100, 'Świeże',   69,  0.7,  0.2,  18 ),
('Skyr naturalny',                  'g', 100, 'Lidl',     60, 11.0,  0.2, 3.9 ),
('Jogurt grecki 0%',                'g', 100, 'Lidl',     59, 10.0,  0.4, 3.6 ),
('Twaróg półtłusty',                'g', 100, 'Lidl',     99, 18.0,  4.0, 3.0 ),
('Mleko 2%',                        'g', 100, 'Lidl',     50,  3.4,  1.9, 4.8 ),
('Mozzarella light',                'g', 100, 'Lidl',    190, 22.0, 13.0, 3.6 ),
('Migdały',                         'g', 100, 'Lidl',    579, 21.0, 50.0, 22 ),
('Orzechy włoskie',                 'g', 100, 'Lidl',    654, 15.0, 65.0, 14 ),
('Pestki dyni',                     'g', 100, 'Lidl',    559, 30.0, 49.0, 10 ),
('Nasiona chia',                    'g', 100, 'Lidl',    486, 16.0, 31.0, 42 ),
('Masło orzechowe',                 'g', 100, 'Lidl',    588, 25.0, 50.0, 20 ),
('Oliwa z oliwek',                  'łyżka', 1, 'Zapasy', 90,  0,   10, 0 ),
('Olej rzepakowy',                  'łyżka', 1, 'Zapasy', 90,  0,   10, 0 ),
('Olej kokosowy',                   'łyżka', 1, 'Zapasy', 90,  0,   10, 0 ),
('Curry mielone',                   'łyżka', 1, 'Zapasy', 20,  1,    1, 4 ),
('Papryka słodka',                  'łyżka', 1, 'Zapasy', 16,  1,    0, 3 ),
('Oregano suszone',                 'łyżka', 1, 'Zapasy', 12, 0.3, 0.2, 2 );

--dishes
INSERT INTO dishes (id, name, meal, descr) VALUES
(1, 'Tofu Stir Fry', 'MainMeal', 'Połącz składniki i podgrzej na patelni.'),
(2, 'Chicken Sweet&Sour', 'Supper', 'Połącz składniki i podgrzej na patelni.'),
(3, 'Bananowy Omlet', 'MainMeal', 'Połącz składniki i podgrzej na patelni.'),
(4, 'Jajka z Tuńczykiem', 'Supper', 'Połącz składniki i podgrzej na patelni.'),
(5, 'Wege Wrap z humusem', 'Breakfast', 'Połącz składniki i podgrzej na patelni.'),
(6, 'Makaron z tuńczykiem', 'MainMeal', 'Połącz składniki i podgrzej na patelni.'),
(7, 'Indyk curry', 'Pre-Workout', 'Połącz składniki i podgrzej na patelni.'),
(8, 'Jaglanka z malinami', 'Breakfast', 'Połącz składniki i podgrzej na patelni.'),
(9, 'Omlet proteinowy', 'Pre-Workout', 'Połącz składniki i podgrzej na patelni.'),
(10, 'Tofu curry', 'Supper', 'Połącz składniki i podgrzej na patelni.');

INSERT INTO ingredient_amounts (dish_id, ingredient_id, amount) VALUES
(1, 7, 83.5),
(1, 2, 155.2),
(1, 15, 53.3),
(2, 17, 146.8),
(2, 6, 142.5),
(2, 4, 42.2),
(3, 20, 111.1),
(3, 2, 122.4),
(3, 6, 173.1),
(4, 4, 115.2),
(4, 12, 45.7),
(4, 14, 83.9),
(5, 16, 65.3),
(5, 14, 43.8),
(5, 20, 106.1),
(6, 4, 118.7),
(6, 15, 161.2),
(6, 9, 97.5),
(7, 6, 180.3),
(7, 19, 85.0),
(7, 5, 90.4),
(8, 2, 167.5),
(8, 10, 33.0),
(8, 15, 142.1),
(9, 8, 100.5),
(9, 11, 57.7),
(9, 13, 146.3),
(10, 3, 168.1),
(10, 9, 33.7),
(10, 12, 59.4);


INSERT INTO recipes (dish_id, total_time, before, when_to_start, preparation) VALUES
(1, '20 minut', 'brak przygotowania', '15 minut przed posiłkiem', 'Połącz składniki i podgrzej na patelni.'),
(2, '25 minut', 'brak przygotowania', '15 minut przed posiłkiem', 'Połącz składniki i podgrzej na patelni.'),
(3, '27 minut', 'brak przygotowania', '15 minut przed posiłkiem', 'Połącz składniki i podgrzej na patelni.'),
(4, '17 minut', 'brak przygotowania', '15 minut przed posiłkiem', 'Połącz składniki i podgrzej na patelni.'),
(5, '11 minut', 'brak przygotowania', '15 minut przed posiłkiem', 'Połącz składniki i podgrzej na patelni.'),
(6, '18 minut', 'brak przygotowania', '15 minut przed posiłkiem', 'Połącz składniki i podgrzej na patelni.'),
(7, '22 minuty', 'brak przygotowania', '15 minut przed posiłkiem', 'Połącz składniki i podgrzej na patelni.'),
(8, '15 minut', 'brak przygotowania', '15 minut przed posiłkiem', 'Połącz składniki i podgrzej na patelni.'),
(9, '19 minut', 'brak przygotowania', '15 minut przed posiłkiem', 'Połącz składniki i podgrzej na patelni.'),
(10, '23 minuty', 'brak przygotowania', '15 minut przed posiłkiem', 'Połącz składniki i podgrzej na patelni.');